"","AUC.CI","LL (95% CI)","UL (95% CI)","p-value","Sp","Se"
"Time_point",NA,NA,NA,NA,NA,NA
"HPPD_IGBP6",95,89.375,98.875,4.93916221637652e-11,77.5,100
"HPPD_ALDOB",87.125,76.625,95.75,2.95034149832414e-07,87.5,80
"IGFBP6_ALDOB",92.7777777777778,87,97.4444444444444,2.25442949274954e-11,86.6666666666667,90
"HPPD_IGFBP6_ALDOB",96,90.875,99.375,1.03062028995034e-11,82.5,100
